{
  "name": "brokentail-utility-belt",
  "title": "brokentail-utility-belt",
  "description": "A collection of simple QOL and utilities.",
  "systems": [],
  "version": "0.1.0",
  "author": "",
  "authors": [
    {
      "name": "",
      "email": "",
      "url": ""
    }
  ],
  "scripts": [],
  "esmodules": ["brokentail-utility-belt.js"],
  "styles": [
    "brokentail_utility_belt.css"
  ],
  "packs": [],
  "languages": [],
  "minimumCoreVersion": "0.5.4",
  "compatibleCoreVersion": "0.5.4",
  "url": "",
  "manifest": "https://github.com/nipper/brokentail-utility-belt/blob/master/package.json",
  "download": "",
  "license": "",
  "readme": "",
  "bugs": "",
  "changelog": ""
}